{
  "project_info": {
    "project_number": "267370706715",
    "firebase_url": "https://adminapp-6cc9c.firebaseio.com",
    "project_id": "adminapp-6cc9c",
    "storage_bucket": "adminapp-6cc9c.appspot.com"
  },
  "client": [
    {
      "client_info": {
        "mobilesdk_app_id": "1:267370706715:android:e4544059ffd9ba45",
        "android_client_info": {
          "package_name": "com.example.adminapp"
        }
      },
      "oauth_client": [
        {
          "client_id": "267370706715-klnigqaj6pl2eq9ta412c0ugb8uutear.apps.googleusercontent.com",
          "client_type": 1,
          "android_info": {
            "package_name": "com.example.adminapp",
            "certificate_hash": "541dfbc0a8986ef8546d5d5b1f2a503eb0d9394f"
          }
        },
        {
          "client_id": "267370706715-tc59p5pu0f3fo98uu6n1t2ardnmm1v5a.apps.googleusercontent.com",
          "client_type": 3
        }
      ],
      "api_key": [
        {
          "current_key": "AIzaSyDmPsjQTotgwbppSG6mNenvai1rj8KODbQ"
        }
      ],
      "services": {
        "appinvite_service": {
          "other_platform_oauth_client": [
            {
              "client_id": "267370706715-tc59p5pu0f3fo98uu6n1t2ardnmm1v5a.apps.googleusercontent.com",
              "client_type": 3
            }
          ]
        }
      }
    }
  ],
  "configuration_version": "1"
}